{
    "appKeys": {
        "message": 1,
        "status": 0
    },
    "capabilities": [
        ""
    ],
    "companyName": "Morten Hillbom",
    "longName": "Forget Me Not",
    "projectType": "native",
    "resources": {
        "media": [
            {
                "file": "images/Logo28.png",
                "menuIcon": true,
                "name": "logo_28",
                "type": "png"
            },
            {
                "file": "fonts/Bebas Neue.ttf",
                "name": "FONT_BEBAS_NEUE_22",
                "type": "font"
            },
            {
                "file": "images/pebble_background.png",
                "name": "BACKGROUND_IMAGE",
                "type": "png"
            },
            {
                "file": "fonts/Roboto-Light.ttf",
                "name": "FONT_KEY_ROBOTO_42",
                "type": "font"
            }
        ]
    },
    "sdkVersion": "3",
    "shortName": "ForgetMeNot",
    "targetPlatforms": [
        "basalt",
        "chalk"
    ],
    "uuid": "6b5dea32-2b13-44bc-8946-233d5d09e9dc",
    "versionLabel": "1.0",
    "watchapp": {
        "watchface": false
    }
}
